Leon Draisaitl,EDM,C,29,23,26,49,9,20,98,6,13,8,1,0,13,5
Alex Ovechkin,WAS,LW,31,22,25,47,18,6,145,2,5,5,1,0,42,7
Auston Matthews,TOR,C,27,20,13,33,3,6,121,4,8,7,0,0,22,23
Troy Terry,ANH,C,31,18,12,30,3,12,74,4,5,4,0,0,3,10
Kyle Connor,WPG,LW,30,18,14,32,-2,2,126,2,2,6,0,0,12,5
Chris Kreider,NYR,LW,30,18,8,26,2,12,88,1,11,3,0,0,60,11
Connor McDavid,EDM,C,29,17,32,49,6,25,109,1,5,17,0,0,29,7
Andrew Mangiapane,CGY,LW,28,17,3,20,5,16,71,4,5,1,1,0,31,8
Alex DeBrincat,CHI,RW,30,17,6,23,-8,9,94,2,6,3,0,0,44,16
Sebastian Aho,CAR,LW,26,15,17,32,12,12,85,1,6,3,0,1,15,12
Dylan Larkin,DET,C,27,15,14,29,3,16,78,3,3,2,0,0,15,13
Jake Guentzel,PIT,LW,24,15,12,27,0,12,91,2,4,3,0,0,31,20
Ryan Hartman,MIN,RW,30,14,12,26,22,29,103,4,1,2,0,0,32,15
Mikko Rantanen,COL,RW,24,14,16,30,11,16,81,0,7,5,0,0,23,8
Steven Stamkos,TB,C,29,14,21,35,6,8,78,3,6,4,0,0,35,13
Jonathan Marchessault,VGK,LW,27,14,7,21,-1,10,85,2,2,2,0,0,22,8
Tomas Hertl,SJ,LW,30,14,8,22,-6,6,81,1,3,2,0,0,36,14
Pierre-Luc Dubois,WPG,C,30,14,11,25,3,28,86,2,6,2,0,0,35,21
Josh Norris,OTT,C,28,14,8,22,2,8,76,3,5,1,0,0,33,25
Cale Makar,COL,D,23,13,13,26,6,6,64,3,3,7,0,0,23,28
Filip Forsberg,NSH,RW,21,13,9,22,3,8,61,4,2,4,0,0,19,16
John Tavares,TOR,C,29,13,19,32,4,12,95,1,5,5,0,0,23,18
Matt Duchene,NSH,C,26,13,12,25,0,10,81,3,4,4,0,0,5,9
Marcus Foligno,MIN,LW,30,13,7,20,14,50,46,2,4,1,0,0,87,17
William Nylander,TOR,C,30,13,18,31,1,6,109,4,5,9,0,0,5,3
Nikolaj Ehlers,WPG,LW,30,12,12,24,8,10,121,1,0,3,0,0,16,14
Jared McCann,SEA,C,25,12,5,17,-7,8,62,0,5,0,0,0,24,9
Adrian Kempe,LA,C,30,12,5,17,-4,20,87,4,1,3,1,0,42,7
Tyler Bertuzzi,DET,LW,23,12,9,21,12,16,60,3,1,1,0,0,20,15
Andre Burakovsky,COL,LW,25,12,9,21,-1,12,50,2,3,3,0,0,19,14
Timo Meier,SJ,LW,25,12,17,29,10,0,111,5,3,1,0,0,53,19
Roope Hintz,DAL,LW,27,12,10,22,6,8,72,3,2,6,2,0,26,15
Kirill Kaprizov,MIN,LW,30,12,24,36,11,10,105,2,1,6,0,0,31,10
Jordan Eberle,SEA,RW,28,12,9,21,-14,2,56,1,3,3,0,0,22,19
Joe Pavelski,DAL,RW,29,12,15,27,6,8,62,1,6,3,0,0,41,23
Max Pacioretty,VGK,LW,15,12,9,21,9,11,75,3,3,4,0,0,12,8
Vladimir Tarasenko,STL,RW,31,12,17,29,0,10,107,3,2,8,0,1,34,23
Cam Atkinson,PHI,RW,29,12,8,20,12,6,85,4,1,0,2,0,10,18
Matthew Tkachuk,CGY,LW,28,12,11,23,12,30,93,2,6,3,0,0,35,8
Brady Tkachuk,OTT,LW,25,12,10,22,5,56,80,2,3,0,0,0,100,13
Zach Hyman,EDM,RW,26,11,8,19,-5,16,72,1,3,2,1,1,28,6
Boone Jenner,CLS,LW,28,11,7,18,-6,8,72,1,5,1,0,0,24,28
Brandon Saad,STL,LW,27,11,3,14,-5,4,65,0,4,1,1,0,9,8
Claude Giroux,PHI,C,29,11,14,25,-6,12,78,0,2,5,0,0,25,3
Nazem Kadri,COL,C,24,11,27,38,7,30,75,1,5,9,0,0,20,5
Brad Marchand,BOS,LW,21,11,16,27,3,38,61,1,3,8,1,0,31,7
Joel Eriksson Ek,MIN,C,30,11,9,20,8,16,89,1,6,0,0,0,51,21
Elias Lindholm,CGY,RW,28,11,16,27,20,2,82,2,3,6,1,0,20,16
Pavel Buchnevich,STL,LW,29,11,18,29,14,18,92,1,4,6,0,1,19,7
Ivan Barbashev,STL,LW,31,11,14,25,4,16,48,0,3,3,1,1,52,14
Bo Horvat,VAN,C,31,10,9,19,0,16,86,1,3,2,0,0,33,19
Valeri Nichushkin,COL,LW,18,10,6,16,10,2,47,1,1,0,2,0,25,8
Aleksander Barkov,FLA,C,16,10,8,18,13,2,47,2,2,0,0,0,14,4
Evan Rodrigues,PIT,C,30,10,13,23,8,0,99,1,4,0,0,0,31,12
Roman Josi,NSH,D,30,10,19,29,7,18,107,1,5,8,0,0,16,42
Patrice Bergeron,BOS,C,25,10,13,23,6,10,92,2,4,6,0,1,33,22
Johnny Gaudreau,CGY,LW,28,10,20,30,16,6,92,3,1,4,0,0,4,3
Reilly Smith,VGK,RW,32,10,14,24,4,6,88,2,2,3,2,1,29,10
Brock Nelson,NYI,C,19,10,3,13,-4,13,46,1,3,1,0,0,11,14
Jonathan Huberdeau,FLA,LW,29,10,23,33,7,22,75,2,1,8,1,0,37,12
J.T. Miller,VAN,C,31,10,22,32,1,16,80,1,4,11,0,0,64,22
Lucas Raymond,DET,RW,31,10,18,28,2,4,64,1,3,3,0,0,17,12
Jesse Puljujarvi,EDM,RW,28,10,13,23,7,10,75,1,3,2,0,0,33,7
Tage Thompson,BUF,RW,30,10,8,18,-5,13,93,0,2,2,0,0,22,9
Jason Robertson,DAL,LW,23,10,15,25,7,14,59,3,3,4,0,0,6,5
Alexandre Texier,CLS,C,28,9,7,16,3,6,48,0,0,0,1,0,10,8
Drake Batherson,OTT,RW,23,9,19,28,4,12,61,0,0,9,0,0,54,12
Alex Iafallo,LA,C,30,9,10,19,5,4,84,2,1,2,0,1,19,24
Jordan Kyrou,STL,RW,27,9,16,25,2,4,68,0,2,6,0,1,3,8
Clayton Keller,ARI,C,29,9,13,22,-4,18,77,2,2,1,0,1,5,17
Andrei Svechnikov,CAR,RW,26,9,12,21,9,35,82,1,1,6,0,0,40,2
Vladislav Namestnikov,DET,C,31,9,7,16,1,14,40,0,0,0,0,0,23,16
Gabriel Landeskog,COL,LW,22,9,18,27,12,44,61,1,1,6,0,0,34,16
Evgeny Kuznetsov,WAS,C,28,9,21,30,15,14,72,2,1,7,1,2,12,11
Tom Wilson,WAS,RW,27,9,15,24,15,31,48,1,1,2,1,1,78,23
Ondrej Palat,TB,LW,30,9,10,19,6,10,57,4,0,2,0,0,50,20
Alex Killorn,TB,C,30,9,16,25,0,26,50,1,0,4,0,0,31,8
Anze Kopitar,LA,C,30,9,18,27,-4,6,80,2,3,7,0,1,30,31
Jeff Carter,PIT,C,27,9,8,17,-1,20,87,1,1,2,0,0,30,16
Logan Couture,SJ,C,29,9,16,25,5,6,69,1,1,4,1,1,36,21
Jeff Skinner,BUF,LW,30,9,8,17,-7,2,87,1,1,2,0,0,12,8
Artemi Panarin,NYR,LW,29,9,24,33,5,14,72,3,2,11,0,0,10,4
Pavel Zacha,NJ,C,30,9,7,16,-12,10,73,1,2,3,0,0,38,8
Brock Boeser,VAN,RW,28,9,8,17,-5,4,76,2,3,3,0,1,11,13
Danton Heinen,PIT,C,30,9,5,14,5,10,54,1,2,0,0,0,29,17
Conor Garland,VAN,RW,31,9,13,22,7,24,86,3,1,1,0,0,20,9
Anthony Cirelli,TB,C,28,9,9,18,4,27,58,1,3,1,0,0,30,30
Brandon Tanev,SEA,LW,30,9,6,15,4,13,51,3,2,0,1,0,98,22
Chandler Stephenson,VGK,C,31,9,22,31,10,10,50,1,0,5,1,1,30,20
Sam Bennett,FLA,LW,24,9,5,14,10,29,86,4,3,1,0,1,51,9
Sam Reinhart,FLA,RW,29,9,14,23,3,6,60,1,2,3,0,0,22,12
Anthony Duclair,FLA,LW,21,9,8,17,12,2,44,0,1,3,0,0,8,7
Oliver Bjorkstrand,CLS,RW,28,9,14,23,-12,6,78,0,3,5,0,0,15,8
Andreas Johnsson,NJ,LW,30,9,10,19,6,18,61,0,1,0,0,0,26,7
Aaron Ekblad,FLA,D,28,8,16,24,17,14,94,1,2,6,0,0,27,27
David Pastrnak,BOS,RW,26,8,13,21,1,8,115,1,4,2,0,0,20,5
Sonny Milano,ANH,LW,27,8,13,21,3,2,48,2,3,3,0,0,13,6
Robby Fabbri,DET,LW,29,8,6,14,-11,12,66,0,3,1,0,0,48,13
Anders Lee,NYI,C,21,8,2,10,-1,8,51,1,1,0,0,0,23,8
Ryan Donato,SEA,C,27,8,5,13,-8,21,57,1,1,0,0,0,22,8
Ondrej Kase,TOR,RW,27,8,7,15,4,12,73,0,1,2,0,0,16,19
Ryan Johansen,NSH,C,27,8,16,24,1,10,40,1,3,5,0,0,21,15
Nino Niederreiter,CAR,RW,23,8,7,15,10,2,49,3,2,1,0,0,29,10
Mats Zuccarello,MIN,RW,24,8,16,24,12,2,53,1,2,7,0,0,10,14
Tyler Seguin,DAL,C,29,8,4,12,-9,10,74,1,2,2,0,0,30,10
Evgenii Dadonov,VGK,RW,31,8,6,14,5,6,80,2,2,1,0,0,28,13
Erik Karlsson,SJ,D,24,8,11,19,3,12,58,2,0,6,0,0,10,27
Jamie Benn,DAL,C,29,8,7,15,-2,29,67,1,2,3,0,0,58,19
Brock McGinn,PIT,LW,30,8,4,12,4,8,57,2,0,0,0,0,46,26
Rickard Rakell,ANH,C,22,8,5,13,1,4,66,0,2,1,0,0,16,19
Mark Scheifele,WPG,C,24,8,11,19,-6,2,56,1,2,3,0,0,12,18
Oliver Wahlstrom,NYI,RW,26,8,7,15,0,29,65,1,4,3,0,0,37,8
Joel Farabee,PHI,LW,22,8,3,11,8,13,36,0,1,0,1,0,29,8
Dawson Mercer,NJ,C,30,8,8,16,1,16,57,0,1,1,1,0,8,14
Dylan Cozens,BUF,C,30,8,7,15,-10,11,52,1,1,2,0,0,11,10
Trevor Zegras,ANH,C,30,8,17,25,-6,24,73,2,2,4,0,0,14,8
Jonathan Dahlen,SJ,LW,26,8,6,14,2,2,52,2,1,2,0,0,7,9
Brandon Hagel,CHI,LW,27,8,8,16,-6,4,44,1,1,1,0,0,18,10
Jesper Bratt,NJ,LW,29,8,16,24,1,10,81,3,0,3,0,0,11,9
Tanner Jeannot,NSH,LW,30,8,9,17,2,38,47,2,1,1,0,0,92,20
Martin Necas,CAR,C,27,7,10,17,6,12,53,4,1,1,0,0,20,6
Eetu Luostarinen,FLA,LW,26,7,2,9,1,4,35,3,0,0,1,0,31,18
Nils Hoglander,VAN,LW,31,7,5,12,3,16,71,0,0,2,0,0,14,7
Isac Lundestrom,ANH,LW,32,7,9,16,7,0,45,2,0,0,2,0,15,21
Jesperi Kotkaniemi,CAR,LW,29,7,6,13,1,8,34,2,0,2,0,0,33,10
Mika Zibanejad,NYR,C,30,7,18,25,1,6,84,0,4,7,0,1,21,16
Charlie Coyle,BOS,C,26,7,7,14,-3,10,50,2,1,3,0,0,39,11
Jesper Fast,CAR,RW,29,7,5,12,2,2,35,1,1,1,0,0,41,16
Teuvo Teravainen,CAR,C,29,7,16,23,12,10,76,1,4,6,1,0,9,18
Travis Boyd,ARI,C,22,7,6,13,-6,16,24,0,0,1,0,0,19,17
Vincent Trocheck,CAR,C,29,7,12,19,9,37,53,1,3,3,0,0,56,17
Victor Hedman,TB,D,30,7,24,31,13,20,77,2,2,8,0,0,43,43
David Perron,STL,RW,20,7,11,18,-1,12,50,1,3,5,0,0,15,3
Milan Lucic,CGY,LW,28,7,4,11,-3,31,36,0,1,1,0,0,79,9
Patrick Kane,CHI,RW,26,7,18,25,-7,4,94,2,2,7,0,0,5,4
Paul Stastny,WPG,C,22,7,8,15,9,8,33,2,2,1,0,0,7,10
Jason Spezza,TOR,C,26,7,4,11,1,12,43,0,3,3,0,0,11,13
Brayden Point,TB,C,16,7,6,13,2,7,38,2,1,3,0,0,14,5
Michael Bunting,TOR,LW,30,7,12,19,0,24,62,1,2,1,0,0,28,5
Josh Anderson,MON,RW,25,7,6,13,-11,16,66,1,0,1,0,0,54,6
Teddy Blueger,PIT,C,30,7,5,12,4,2,53,0,0,0,1,0,39,17
Max Domi,CLS,C,18,7,8,15,4,10,31,0,0,0,0,0,4,2
Kasperi Kapanen,PIT,RW,30,7,9,16,6,6,62,2,0,3,0,0,31,9
Conor Sheary,WAS,LW,25,7,8,15,1,4,42,3,1,1,0,0,16,15
Garnet Hathaway,WAS,RW,26,7,3,10,9,16,55,2,0,0,0,1,99,12
Andrew Copp,WPG,C,30,7,13,20,7,8,77,1,1,1,1,1,26,22
Carter Verhaeghe,FLA,C,28,7,15,22,8,12,46,1,0,2,0,0,14,4
Dominik Kubalik,CHI,LW,30,6,6,12,-11,8,63,0,3,2,0,0,44,13
Kevin Fiala,MIN,LW,30,6,14,20,0,14,97,1,2,4,0,0,17,5
Shea Theodore,VGK,D,29,6,16,22,6,10,70,0,1,6,0,0,9,32
J.T. Compher,COL,C,15,6,5,11,2,6,27,0,1,2,1,0,10,10
Viktor Arvidsson,LA,LW,23,6,8,14,-2,12,86,0,3,2,0,0,10,16
Frank Vatrano,FLA,LW,28,6,3,9,-7,10,61,0,1,1,0,0,30,8
Lawson Crouse,ARI,LW,28,6,5,11,-5,22,64,1,0,2,0,0,71,17
Mitch Marner,TOR,C,24,6,15,21,5,4,60,3,0,7,1,0,8,12
Kevin Rooney,NYR,C,30,6,1,7,1,8,38,1,0,0,0,0,34,24
Nicolas Roy,VGK,C,29,6,9,15,7,31,56,1,0,0,0,0,29,15
Corey Perry,TB,RW,30,6,6,12,3,21,63,1,2,0,0,0,30,14
Kyle Okposo,BUF,RW,30,6,14,20,-2,16,71,1,2,3,1,0,24,8
Kevin Shattenkirk,ANH,D,32,6,12,18,4,14,62,0,1,8,0,0,22,37
Patrick Maroon,TB,LW,29,6,4,10,10,42,49,0,2,0,0,0,47,4
Tomas Tatar,NJ,LW,30,6,8,14,-5,12,53,0,2,2,0,0,30,10
John Carlson,WAS,D,31,6,20,26,11,4,73,1,3,5,0,1,25,38
Scott Laughton,PHI,C,29,6,3,9,-5,10,44,0,0,0,2,0,61,21
Zemgus Girgensons,BUF,C,30,6,5,11,-6,23,54,1,2,1,0,0,44,12
Yanni Gourde,SEA,LW,22,6,10,16,-4,9,43,0,0,2,0,1,27,8
Jacob Trouba,NYR,D,30,6,8,14,2,42,75,1,1,1,0,0,81,66
Mark Stone,VGK,RW,19,6,17,23,11,8,39,1,2,1,0,1,11,14
Sam Carrick,ANH,C,24,6,2,8,1,22,36,0,0,0,0,0,41,8
Jaden Schwartz,SEA,LW,28,6,14,20,-12,10,69,0,1,2,0,0,35,9
Ryan Strome,NYR,C,26,6,15,21,1,30,55,3,2,6,0,0,16,4
Sean Couturier,PHI,C,29,6,11,17,-6,14,79,2,2,3,0,1,22,18
Dougie Hamilton,NJ,D,27,6,11,17,-9,22,99,0,1,4,0,0,36,43
Adam Henrique,ANH,C,24,6,10,16,5,4,68,0,2,3,0,0,12,19
Rasmus Dahlin,BUF,D,30,6,12,18,-6,24,69,1,2,5,0,0,38,28
Adam Boqvist,CLS,D,18,6,3,9,-2,2,23,1,1,2,0,0,6,11
Vasili Podkolzin,VAN,RW,29,6,2,8,5,4,42,1,0,1,0,0,30,14
Arthur Kaliyev,LA,RW,29,6,3,9,-2,4,63,1,2,2,0,0,11,3
Alex Newhook,COL,C,18,6,4,10,4,4,27,3,2,1,0,0,10,5
Alexis Lafreniere,NYR,LW,30,6,2,8,-4,13,38,3,0,0,0,0,49,10
Alex Formenton,OTT,LW,25,6,4,10,-3,19,42,1,0,0,2,0,35,6
Nick Suzuki,MON,C,31,6,12,18,-13,8,68,2,3,3,1,0,31,19
Elias Pettersson,VAN,C,31,6,10,16,-2,6,69,1,3,5,1,0,9,16
Kailer Yamamoto,EDM,LW,29,5,2,7,-4,10,30,3,0,1,1,0,30,10
Eeli Tolvanen,NSH,LW,30,5,6,11,8,8,77,1,1,4,0,0,53,12
Jacob Peterson,DAL,LW,22,5,1,6,-3,8,29,2,0,0,0,0,11,4
Carl Grundstrom,LA,LW,23,5,3,8,3,6,45,0,0,0,0,0,50,8
Adam Fox,NYR,D,30,5,26,31,7,14,58,1,0,13,1,0,12,63
Rem Pitlick,MIN,C,17,5,5,10,1,10,12,1,0,0,0,0,6,5
Rasmus Asplund,BUF,C,30,5,10,15,-7,4,55,1,2,1,1,0,9,7
Cole Sillinger,CLS,C,28,5,6,11,-8,19,57,1,0,1,0,0,16,12
Anton Lundell,FLA,C,25,5,7,12,5,8,45,2,0,1,0,0,12,26
Philip Tomasino,NSH,C,26,5,4,9,-3,8,32,2,2,1,0,0,6,11
Tim Stutzle,OTT,LW,28,5,10,15,-10,12,62,1,2,5,0,0,37,21
Nico Sturm,MIN,C,30,5,5,10,-6,6,45,0,0,0,1,0,32,12
Jack Hughes,NJ,C,13,5,3,8,-9,0,27,1,0,0,0,0,1,4
Kaapo Kakko,NYR,RW,26,5,5,10,4,4,42,1,1,1,0,0,3,7
Kirby Dach,CHI,C,30,5,8,13,0,25,52,0,2,2,0,1,21,21
Logan O'Connor,COL,C,27,5,7,12,5,12,59,0,0,0,1,3,28,23
Evan Bouchard,EDM,D,29,5,13,18,8,10,69,0,0,2,0,1,28,46
Zach Whitecloud,VGK,D,20,5,3,8,8,6,35,1,0,0,1,0,31,47
Eric Robinson,CLS,LW,28,5,7,12,5,6,41,0,0,0,0,0,24,8
Pius Suter,DET,LW,31,5,10,15,-4,2,65,1,0,3,0,0,9,12
Gustav Nyquist,CLS,RW,28,5,6,11,-5,4,26,0,0,0,1,0,8,14
Taylor Hall,BOS,LW,26,5,9,14,-3,12,65,0,2,3,0,0,17,13
Tyler Toffoli,MON,RW,26,5,12,17,-4,4,64,0,2,1,0,0,36,8
Justin Faulk,STL,D,25,5,6,11,13,23,62,3,1,1,0,0,45,35
Hampus Lindholm,ANH,D,32,5,8,13,8,20,70,1,1,1,0,0,22,44
Luke Glendening,DAL,C,29,5,3,8,-6,6,40,0,0,0,0,0,54,20
Sean Kuraly,CLS,C,28,5,5,10,6,17,39,0,0,0,0,0,72,18
Jean-Gabriel Pageau,NYI,C,25,5,5,10,-5,11,44,0,1,0,0,2,56,16
Mikael Granlund,NSH,C,28,5,22,27,5,13,45,1,1,7,0,0,18,13
Ben Chiarot,MON,D,31,5,2,7,-11,26,59,0,1,0,0,0,65,52
Ryan O'Reilly,STL,C,27,5,13,18,-2,2,64,0,2,2,0,0,8,15
Alex Pietrangelo,VGK,D,31,5,17,22,7,24,85,0,1,6,1,1,26,69
Lars Eller,WAS,C,25,5,9,14,9,16,40,0,0,1,0,0,25,16
James van Riemsdyk,PHI,LW,29,5,6,11,-11,14,60,3,3,0,0,0,8,9
Cal Clutterbuck,NYI,RW,26,5,0,5,-4,8,33,1,0,0,1,0,104,12
Phil Kessel,ARI,RW,29,5,12,17,-7,10,62,0,2,4,0,0,3,8
Mathieu Joseph,TB,RW,27,5,5,10,0,8,28,1,0,0,1,0,47,12
Daniel Sprong,WAS,RW,27,5,5,10,3,4,64,0,0,0,0,0,21,9
Yakov Trenin,NSH,C,30,5,3,8,-1,22,48,2,0,0,0,0,68,16
Zach Werenski,CLS,D,28,5,14,19,-2,8,88,1,3,4,0,1,15,40
Travis Konecny,PHI,C,29,5,12,17,-8,18,82,1,2,3,0,0,39,10
Jack Roslovic,CLS,RW,27,5,8,13,-2,2,42,1,0,0,0,0,18,5
Jake DeBrusk,BOS,LW,25,5,3,8,-3,0,48,3,2,0,0,0,11,7
Mathew Barzal,NYI,C,23,5,12,17,-4,10,56,0,0,6,0,0,15,5
Victor Olofsson,BUF,LW,22,5,12,17,-7,4,50,0,1,2,0,0,3,6
Christian Dvorak,MON,LW,27,5,7,12,-13,20,47,0,0,2,0,0,15,36
Warren Foegele,EDM,LW,29,5,6,11,-6,4,48,1,2,0,0,0,45,7
Jonathan Drouin,MON,C,25,5,11,16,-6,8,45,0,0,3,0,0,17,6
Josh Morrissey,WPG,D,30,5,6,11,4,18,61,1,4,1,0,0,55,34
Chris Tierney,OTT,C,28,5,2,7,-11,8,32,1,3,2,0,0,19,19
Jimmy Vesey,NJ,LW,30,5,3,8,-9,6,49,1,0,0,2,0,45,17
Vinnie Hinostroza,BUF,RW,30,5,9,14,-4,8,47,0,0,0,0,0,10,3
Tony DeAngelo,CAR,D,22,5,16,21,10,23,46,1,0,7,0,0,10,14
Brendan Lemieux,LA,LW,19,5,1,6,5,39,22,1,0,0,0,0,55,7
Zach Sanford,OTT,LW,28,5,2,7,-11,24,39,0,1,1,0,0,55,21
Artturi Lehkonen,MON,LW,31,4,7,11,-4,12,55,0,0,0,0,0,36,15
William Carrier,VGK,LW,24,4,4,8,3,12,33,0,0,0,0,0,47,7
Nick Paul,OTT,LW,28,4,2,6,-16,9,57,0,1,0,0,0,30,22
Nathan Walker,STL,C,6,4,1,5,6,0,13,0,0,0,0,0,17,5
Carson Soucy,SEA,D,22,4,4,8,8,8,31,0,0,1,1,0,39,23
Brandon Montour,FLA,D,28,4,8,12,-1,24,54,0,1,3,0,0,13,23
Barclay Goodrow,NYR,LW,30,4,7,11,1,21,35,1,0,0,0,1,58,23
Alex Kerfoot,TOR,C,30,4,12,16,13,4,47,1,0,0,0,0,20,17
Connor Brown,OTT,RW,24,4,13,17,-7,4,38,0,0,5,0,2,9,11
Shayne Gostisbehere,ARI,D,29,4,14,18,-5,6,60,0,0,5,0,0,11,35
Sean Monahan,CGY,C,28,4,9,13,-9,8,43,2,2,6,0,0,24,12
Devon Toews,COL,D,16,4,16,20,19,4,33,0,1,4,0,0,15,17
Pierre Engvall,TOR,LW,30,4,6,10,0,10,61,0,1,2,0,0,25,3
Anders Bjork,BUF,LW,26,4,1,5,-5,4,27,0,0,0,0,0,6,7
Jake Evans,MON,LW,25,4,2,6,-6,6,39,0,0,0,0,0,41,9
Anthony Beauvillier,NYI,LW,24,4,4,8,-6,0,52,1,2,0,0,0,20,8
Denis Gurianov,DAL,RW,28,4,6,10,2,8,57,1,2,3,0,0,29,15
Jordan Greenway,MIN,LW,25,4,5,9,14,17,33,2,1,0,0,0,57,15
Derick Brassard,PHI,C,18,4,7,11,7,6,22,0,1,1,0,0,28,2
Darren Helm,COL,C,27,4,2,6,-1,6,44,0,0,0,1,1,33,11
Patric Hornqvist,FLA,RW,29,4,9,13,-3,11,71,0,1,3,0,0,50,8
Sam Gagner,DET,C,31,4,8,12,-8,16,49,0,0,1,0,0,9,12
Mikael Backlund,CGY,C,28,4,5,9,0,10,58,0,0,2,0,0,21,8
Andrew Ladd,ARI,LW,21,4,1,5,-8,14,20,0,1,0,0,0,38,13
Dustin Brown,LA,RW,30,4,8,12,0,10,92,0,0,0,0,0,56,8
Sidney Crosby,PIT,C,18,4,14,18,1,4,48,2,0,6,0,0,10,6
T.J. Oshie,WAS,RW,14,4,7,11,-4,8,22,1,1,3,0,0,29,10
Wayne Simmonds,TOR,RW,29,4,6,10,2,40,48,2,0,0,0,0,44,4
Brayden Schenn,STL,C,19,4,6,10,4,14,29,0,2,1,0,0,26,2
Zack Kassian,EDM,RW,25,4,8,12,0,31,26,1,1,0,0,0,73,2
Mike Hoffman,MON,LW,19,4,4,8,-12,8,52,2,2,3,0,0,9,6
Nick Bonino,SJ,C,30,4,0,4,-3,12,48,0,1,0,0,0,11,39
Cam Fowler,ANH,D,32,4,13,17,0,6,57,0,3,6,0,0,21,47
Torey Krug,STL,D,26,4,10,14,8,20,44,1,2,5,1,0,18,18
Blake Coleman,CGY,C,27,4,3,7,5,27,80,0,0,0,0,0,61,20
Victor Rask,MIN,C,20,4,5,9,6,2,22,0,0,0,0,0,7,2
Phillip Danault,LA,C,29,4,10,14,4,16,69,1,0,1,0,0,29,13
Morgan Rielly,TOR,D,30,4,22,26,11,8,81,2,1,9,0,0,30,32
Colton Sissons,NSH,RW,29,4,9,13,0,6,34,0,1,2,0,0,49,19
Tanner Pearson,VAN,LW,31,4,8,12,2,14,77,1,1,1,0,0,36,20
Jason Zucker,PIT,LW,30,4,7,11,1,10,81,0,1,0,0,0,48,15
Brendan Gallagher,MON,RW,23,4,6,10,-3,24,57,0,3,0,0,0,23,14
Nick Bjugstad,MIN,C,27,4,0,4,-5,6,47,0,0,0,0,0,44,11
Derek Forbort,BOS,D,26,4,1,5,-1,6,27,1,0,0,0,0,38,29
Dmitry Orlov,WAS,D,31,4,10,14,17,26,49,3,1,0,0,0,55,31
Filip Zadina,DET,RW,30,4,6,10,-9,4,71,1,2,2,0,0,21,17
Bowen Byram,COL,D,13,4,5,9,3,6,26,2,0,0,0,0,16,13
Connor McMichael,WAS,C,29,4,5,9,-2,6,60,0,0,0,0,0,22,9
Seth Jarvis,CAR,RW,20,4,7,11,4,2,38,2,0,2,0,0,14,9
Sam Steel,ANH,C,25,4,4,8,-3,2,23,0,0,1,0,0,4,11
Janne Kuokkanen,NJ,LW,28,4,2,6,-7,6,25,1,1,0,1,0,19,9
Nathan Bastian,NJ,RW,24,4,1,5,-2,33,24,0,1,0,0,0,55,14
Jake Bean,CLS,D,28,4,8,12,-1,10,47,2,0,0,0,1,12,43
Charlie McAvoy,BOS,D,25,4,11,15,3,23,53,1,2,6,0,0,48,48
Luke Kunin,NSH,C,30,4,7,11,5,17,46,0,0,2,0,0,78,21
Tyson Jost,COL,C,27,4,5,9,2,12,39,0,0,0,0,1,21,16
Taylor Raddysh,TB,RW,29,4,5,9,4,6,39,1,0,1,1,0,33,6
Yegor Sharangovich,NJ,LW,27,4,6,10,-1,2,45,1,0,1,0,0,10,8
Ryan Poehling,MON,C,17,4,1,5,-4,2,27,1,0,0,0,0,9,3
Miro Heiskanen,DAL,D,28,4,14,18,-6,10,71,1,2,5,0,0,19,40
Owen Tippett,FLA,RW,29,4,6,10,3,8,49,0,0,0,0,0,32,9
David Kampf,TOR,RW,30,4,5,9,1,10,36,1,0,0,0,0,32,10
Vinni Lettieri,ANH,C,8,3,1,4,-2,0,19,0,2,1,0,0,15,4
Nico Hischier,NJ,C,25,3,13,16,2,15,45,0,1,1,0,1,21,17
Michael Rasmussen,DET,C,29,3,7,10,-7,20,46,1,0,0,0,0,34,27
Filip Chytil,NYR,C,26,3,4,7,-2,10,53,0,0,1,0,0,7,9
Alex Barre-Boulet,TB,C,16,3,3,6,0,4,16,0,0,1,0,0,10,3
Morgan Geekie,SEA,C,30,3,6,9,-6,8,42,0,0,2,0,0,20,10
Mackenzie Entwistle,CHI,RW,15,3,2,5,-4,2,9,0,0,0,1,0,37,5
Nicolas Hague,VGK,D,31,3,10,13,12,28,70,0,0,0,0,0,28,43
Brandon Duhaime,MIN,LW,30,3,7,10,-2,44,44,1,0,0,0,0,71,7
Dylan Coghlan,VGK,D,23,3,6,9,-2,10,37,1,2,1,0,0,17,21
Logan Brown,STL,C,10,3,3,6,1,2,14,0,0,1,0,0,4,7
Samuel Girard,COL,D,25,3,13,16,0,14,39,0,0,3,0,0,22,36
Filip Hronek,DET,D,29,3,13,16,-6,26,50,0,1,2,0,0,27,39
Dillon Dube,CGY,C,28,3,7,10,-3,4,54,0,0,1,0,1,27,3
Brett Howden,VGK,C,23,3,5,8,4,6,15,1,0,0,0,1,25,18
Brett Leason,WAS,RW,22,3,3,6,1,0,30,0,0,0,0,0,9,9
Drew O'Connor,PIT,C,19,3,2,5,1,4,32,0,0,0,0,0,11,6
Jamie Drysdale,ANH,D,32,3,11,14,-3,6,54,1,0,5,0,0,12,34
Moritz Seider,DET,D,31,3,18,21,0,18,55,2,0,8,0,0,40,54
Blake Lizotte,LA,LW,24,3,5,8,4,14,26,0,0,0,1,0,20,2
Ryan McLeod,EDM,C,18,3,0,3,-1,2,14,0,0,0,0,0,5,5
Martin Fehervary,WAS,D,31,3,3,6,11,12,37,0,0,0,1,0,85,46
Noah Dobson,NYI,D,24,3,7,10,-1,8,49,0,1,3,0,0,32,50
Rasmus Kupari,LA,C,28,3,3,6,-2,12,24,1,1,1,0,0,23,9
Joe Veleno,DET,C,15,3,1,4,-3,4,24,0,0,0,0,0,26,5
Tyson Barrie,EDM,D,29,3,14,17,-5,6,59,0,2,7,0,0,14,30
Derek Grant,ANH,C,29,3,4,7,-5,14,46,1,0,0,1,1,24,19
Ryan Nugent-Hopkins,EDM,LW,28,3,22,25,0,4,65,0,0,14,0,2,23,13
Antoine Roussel,ARI,LW,25,3,1,4,-12,35,26,1,0,0,0,0,28,17
Jonas Brodin,MIN,D,28,3,11,14,5,8,54,0,0,3,0,1,21,49
Derek Stepan,CAR,C,22,3,3,6,2,2,38,0,0,0,0,0,11,12
Jared Spurgeon,MIN,D,21,3,8,11,8,4,35,0,0,3,0,0,16,25
Jon Merrill,MIN,D,30,3,8,11,8,10,29,0,0,0,0,0,24,48
Mike Matheson,PIT,D,27,3,9,12,2,8,44,3,0,1,0,0,33,25
Matt Dumba,MIN,D,29,3,12,15,2,22,66,1,0,4,0,0,52,44
Alex Chiasson,VAN,RW,25,3,3,6,-4,18,23,0,3,2,0,0,24,5
William Karlsson,VGK,C,17,3,4,7,-2,0,29,0,0,0,0,0,7,9
Mike Reilly,BOS,D,23,3,2,5,1,4,40,0,0,1,1,0,35,21
Adam Lowry,WPG,LW,30,3,3,6,3,16,32,0,0,1,0,1,95,15
Nick Cousins,NSH,C,24,3,4,7,-4,8,45,1,1,1,0,0,22,10
Josh Manson,ANH,D,32,3,3,6,2,43,43,0,0,0,0,0,84,31
Cody Eakin,BUF,C,25,3,5,8,-9,10,36,1,1,0,0,1,16,14
Dmitry Kulikov,MIN,D,29,3,10,13,6,8,20,0,0,0,0,0,32,32
Mathieu Perreault,MON,C,14,3,1,4,0,4,15,0,0,0,0,0,16,6
Drew Doughty,LA,D,11,3,10,13,4,8,26,0,3,3,0,0,15,15
Andrew Cogliano,SJ,LW,26,3,4,7,1,6,25,0,0,0,1,0,31,5
Mark Giordano,SEA,D,24,3,5,8,-11,18,46,0,0,3,0,0,18,39
Brian Boyle,PIT,C,19,3,0,3,0,9,27,0,0,0,0,0,20,14
Joe Thornton,FLA,C,18,3,2,5,-7,6,14,0,2,0,0,0,14,5
Ryan Suter,DAL,D,29,3,11,14,-5,10,44,0,2,6,0,0,13,28
Erik Johnson,COL,D,27,3,8,11,15,8,53,1,0,0,1,1,56,47
Jonathan Toews,CHI,C,30,3,10,13,-11,12,53,1,1,2,0,0,11,11
Vince Dunn,SEA,D,28,3,9,12,-11,16,37,0,1,4,0,0,29,23
Oliver Kylington,CGY,D,27,3,12,15,7,4,44,0,0,1,0,0,16,29
Patrik Laine,CLS,RW,9,3,7,10,2,6,23,2,0,4,0,0,5,5
Alexander Barabanov,SJ,RW,25,3,12,15,-4,2,24,1,1,2,0,0,14,17
Maxim Mamin,FLA,LW,11,3,2,5,3,2,14,0,0,0,0,0,18,2
Dryden Hunt,NYR,LW,30,3,4,7,0,29,39,1,0,0,0,0,63,3
Steven Lorentz,CAR,C,25,3,0,3,1,4,30,1,0,0,0,0,27,7
Dylan Strome,CHI,C,20,3,4,7,-3,14,36,1,1,1,0,0,4,10
Christian Fischer,ARI,RW,22,3,3,6,-7,6,26,0,1,0,0,0,24,10
Kevin Labanc,SJ,RW,21,3,3,6,-4,6,36,1,2,2,0,0,28,9
Oskar Lindblom,PHI,LW,28,3,3,6,-7,10,43,0,0,0,0,0,29,13
Alexander Wennberg,SEA,C,30,3,13,16,-10,12,42,1,0,4,0,0,17,12
Nick Jensen,WAS,D,31,3,7,10,20,2,43,0,0,0,0,0,59,43
Michael Raffl,DAL,LW,28,3,5,8,-4,4,32,0,0,0,0,2,48,8
Nathan MacKinnon,COL,C,17,3,21,24,-4,6,66,1,1,6,0,0,19,18
Seth Jones,CHI,D,30,3,20,23,-6,14,78,0,0,8,0,1,40,61
Adam Erne,DET,RW,30,3,6,9,-10,12,42,1,0,0,0,0,69,23
Colton Parayko,STL,D,31,3,12,15,-7,10,60,1,0,1,0,0,31,67
Damon Severson,NJ,D,29,3,6,9,-6,22,63,0,1,3,0,1,30,41
Andreas Athanasiou,LA,C,11,3,3,6,4,0,23,1,0,1,0,0,4,3
Dominic Toninato,WPG,LW,27,3,2,5,0,10,17,1,0,0,0,0,40,10
Nic Dowd,WAS,C,18,3,4,7,2,8,23,0,0,0,0,0,43,13
Pierre-Edouard Bellemare,TB,C,30,3,4,7,10,4,25,1,0,0,0,0,37,18
Ryan Graves,NJ,D,25,3,7,10,5,14,36,0,0,0,0,0,32,47
Tyler Motte,VAN,C,16,2,1,3,-5,6,23,0,0,0,0,0,35,12
Mattias Janmark,VGK,C,27,2,7,9,2,4,31,1,0,0,1,1,2,7
Brett Pesce,CAR,D,17,2,7,9,3,8,31,1,1,2,0,0,7,20
Tomas Nosek,BOS,LW,23,2,2,4,-2,6,25,1,0,0,0,1,25,13
Haydn Fleury,SEA,D,17,2,1,3,-2,4,20,1,0,0,0,0,33,23
Nicolas Aube-Kubel,COL,C,22,2,5,7,2,27,33,1,0,0,0,0,34,4
Travis Sanheim,PHI,D,29,2,7,9,4,6,50,1,0,0,0,0,25,45
Colin Miller,BUF,D,28,2,9,11,0,19,36,0,0,2,0,0,34,37
Jujhar Khaira,CHI,C,18,2,0,2,-2,9,20,0,0,0,0,0,64,9
Jason Dickinson,VAN,C,29,2,2,4,3,13,38,0,0,0,0,0,51,21
Nikita Zadorov,CGY,D,21,2,2,4,3,12,27,0,0,0,0,0,45,18
Curtis Lazar,BOS,C,20,2,3,5,1,2,24,0,0,0,0,1,47,10
Anthony Mantha,WAS,RW,10,2,4,6,0,4,16,0,0,2,0,0,7,6
Carter Rowney,DET,C,19,2,1,3,-3,0,9,0,0,0,0,0,28,17
Jacob Middleton,SJ,D,24,2,2,4,8,39,30,0,0,0,0,0,41,42
Frederick Gaudreau,MIN,C,24,2,8,10,-1,4,29,0,0,1,0,1,11,14
Michael Amadio,VGK,C,19,2,2,4,-2,0,24,0,0,0,0,0,14,6
Max Willman,PHI,LW,12,2,1,3,-1,8,20,0,0,0,0,0,16,3
Brandon Carlo,BOS,D,24,2,3,5,1,6,50,0,0,0,0,0,37,32
Evgeny Svechnikov,WPG,LW,28,2,6,8,4,16,36,0,0,0,0,0,35,8
Noah Hanifin,CGY,D,27,2,8,10,10,2,53,0,0,4,0,0,16,25
Derek Ryan,EDM,C,26,2,0,2,-10,2,24,1,0,0,0,0,10,12
Ivan Provorov,PHI,D,29,2,9,11,-1,16,53,0,1,2,0,2,22,61
Mason Appleton,SEA,C,19,2,4,6,-6,2,26,1,0,0,0,0,12,8
Ryan Lomberg,FLA,LW,18,2,4,6,6,30,37,1,0,0,0,1,40,0
Adam Gaudette,OTT,C,9,2,1,3,-5,4,11,0,2,0,0,0,9,1
Artem Zub,OTT,D,28,2,7,9,5,22,28,0,0,0,0,0,51,57
Vladislav Gavrikov,CLS,D,28,2,11,13,6,14,31,1,0,0,0,0,47,44
Drake Caggiula,BUF,LW,18,2,3,5,-4,4,23,1,0,1,0,0,17,7
Kyle Capobianco,ARI,D,13,2,3,5,-5,10,12,1,1,1,0,0,8,9
Jansen Harkins,WPG,C,30,2,3,5,1,6,27,0,0,0,0,0,18,6
Niko Mikkola,STL,D,16,2,2,4,0,12,22,0,0,0,1,0,26,19
Rudolfs Balcers,SJ,LW,24,2,8,10,-8,4,41,1,0,0,0,1,51,15
Alexandre Carrier,NSH,D,27,2,10,12,11,24,31,0,0,1,0,0,16,42
Jordan Staal,CAR,C,27,2,6,8,-1,8,52,0,1,0,0,0,79,13
Anton Stralman,ARI,D,25,2,4,6,-7,4,31,0,0,0,0,0,19,27
Trevor Lewis,CGY,C,28,2,4,6,1,2,42,0,0,0,0,0,63,13
Ryan McDonagh,TB,D,30,2,8,10,3,6,33,0,0,1,0,0,39,51
Brent Burns,SJ,D,30,2,15,17,-6,18,77,0,1,3,0,1,21,59
Brad Richardson,CGY,C,19,2,2,4,0,6,13,0,0,0,0,0,29,7
James Neal,STL,RW,17,2,2,4,-1,0,29,1,1,1,0,0,14,3
Michael Del Zotto,OTT,D,10,2,4,6,-9,4,15,0,1,1,0,0,24,12
Brendan Smith,CAR,D,18,2,1,3,4,10,21,1,0,0,0,0,26,13
Alex Goligoski,MIN,D,27,2,18,20,14,18,29,0,0,3,0,0,25,36
Oliver Ekman-Larsson,VAN,D,28,2,3,5,2,30,77,0,2,0,0,0,39,21
P.K. Subban,NJ,D,27,2,9,11,-3,12,45,1,0,0,0,1,36,31
Colton Sceviour,EDM,RW,20,2,1,3,-3,24,28,0,0,0,0,1,28,17
Marcus Johansson,SEA,LW,19,2,4,6,-12,0,39,1,1,3,0,0,4,6
Justin Braun,PHI,D,29,2,7,9,1,16,33,0,0,0,0,0,40,64
Gregory Hofmann,CLS,LW,24,2,5,7,6,8,33,2,0,0,0,0,23,10
Colin Blackwell,SEA,C,8,2,1,3,0,0,10,0,0,0,0,0,12,0
Ryan Dzingel,ARI,C,16,2,2,4,0,33,15,0,0,0,0,0,7,5
Chris Wideman,MON,D,22,2,7,9,-5,22,26,0,0,3,0,0,17,12
Justin Schultz,WAS,D,28,2,4,6,2,4,23,1,1,0,0,0,13,32
Jake McCabe,CHI,D,27,2,3,5,-12,13,27,0,0,0,0,0,60,62
Radek Faksa,DAL,C,29,2,8,10,-8,21,30,0,1,0,0,0,48,29
Bryan Rust,PIT,RW,12,2,7,9,1,4,35,0,1,1,0,0,4,4
Kevin Hayes,PHI,C,11,2,4,6,-6,2,23,0,0,1,0,1,5,7
Michael Sgarbossa,WAS,LW,7,2,1,3,1,0,8,0,0,0,0,0,4,0
Brayden McNabb,VGK,D,32,2,5,7,3,12,31,0,0,0,0,0,69,77
Calle Jarnkrok,SEA,C,19,2,3,5,-7,2,21,0,0,0,0,0,10,3
Austin Watson,OTT,LW,15,2,0,2,-5,32,18,0,0,0,0,0,36,21
Adam Larsson,SEA,D,30,2,6,8,-13,22,44,1,0,1,0,0,78,65
Craig Smith,BOS,RW,19,2,5,7,-4,2,45,0,0,2,0,0,24,8
Connor Murphy,CHI,D,27,2,2,4,-13,20,23,0,0,0,0,0,64,63
Justin Dowling,VAN,C,17,2,1,3,-4,2,14,0,0,0,0,0,8,9
K'Andre Miller,NYR,D,30,2,3,5,-3,14,22,0,0,0,0,0,40,41
Quinn Hughes,VAN,D,30,2,24,26,9,16,67,0,0,12,0,1,9,19
Barrett Hayton,ARI,C,23,2,4,6,-3,10,23,1,1,2,0,0,31,12
Jack Drury,CAR,C,2,2,0,2,3,2,6,0,0,0,0,0,4,2
Jasper Weatherby,SJ,C,29,2,4,6,-11,16,30,0,1,1,0,0,37,16
Paul Cotter,VGK,C,6,2,0,2,1,4,10,0,0,0,0,0,15,1
Arttu Ruotsalainen,BUF,C,16,2,2,4,-1,6,22,0,0,0,0,0,12,3
Alexei Protas,WAS,C,20,2,4,6,3,0,23,0,0,1,0,0,10,8
Alexander Romanov,MON,D,30,2,4,6,-6,20,36,0,0,0,0,0,98,45
Mason McTavish,ANH,C,9,2,1,3,3,2,12,1,0,1,0,0,8,6
Ryan Lindgren,NYR,D,30,2,2,4,9,12,26,1,0,0,0,0,44,66
Michael McLeod,NJ,C,30,2,6,8,-3,17,38,0,0,0,0,1,68,13
Kieffer Bellows,NYI,LW,12,2,3,5,1,7,11,1,0,0,0,0,30,4
Julien Gauthier,NYR,RW,21,2,3,5,-2,2,43,1,0,0,0,0,41,6
Henrik Borgstrom,CHI,C,17,2,1,3,-3,6,18,0,0,1,0,0,5,10
Jakob Chychrun,ARI,D,26,2,5,7,-29,30,84,0,1,0,0,0,32,34
Mikhail Sergachev,TB,D,28,2,12,14,1,14,41,0,0,3,0,1,39,40
Trevor Moore,LA,LW,30,2,4,6,-3,4,52,0,1,0,0,0,28,10
Givani Smith,DET,LW,24,2,2,4,-1,26,24,0,0,0,0,0,39,15
Klim Kostin,STL,RW,18,2,3,5,-1,10,20,1,0,0,0,0,50,3
Ross Colton,TB,LW,30,2,9,11,0,4,53,0,0,3,0,0,64,15
Brett Murray,BUF,LW,12,2,2,4,1,6,10,0,0,0,0,0,11,1
Kristian Vesalainen,WPG,LW,26,2,0,2,0,4,25,0,0,0,0,0,31,6
Mario Ferraro,SJ,D,30,2,8,10,-6,6,26,1,0,0,0,0,67,91
Jonas Rondbjerg,VGK,RW,13,2,2,4,3,2,10,0,0,0,0,0,5,4
Robert Thomas,STL,C,24,2,20,22,-1,10,38,1,0,7,0,0,6,9
Justin Danforth,CLS,RW,12,2,2,4,1,0,20,0,0,0,0,0,27,4
Jan Rutta,TB,D,29,2,5,7,9,18,29,0,0,0,0,0,28,30
Neal Pionk,WPG,D,27,2,14,16,4,14,63,1,1,5,0,0,71,32
Zach Aston-Reese,PIT,C,28,1,7,8,4,18,29,0,0,0,0,0,104,15
Nolan Patrick,VGK,C,4,1,0,1,1,0,10,0,0,0,0,0,6,1
Morgan Frost,PHI,C,10,1,3,4,1,4,12,0,0,0,0,0,6,4
Henri Jokiharju,BUF,D,14,1,4,5,-2,8,13,0,0,0,0,0,13,17
Gabriel Vilardi,LA,C,7,1,0,1,-5,2,7,0,1,0,0,0,0,5
Casey Mittelstadt,BUF,C,4,1,0,1,-6,0,7,0,0,0,0,0,0,3
Parker Kelly,OTT,C,11,1,1,2,-2,4,9,0,0,0,0,0,27,8
Adam Ruzicka,CGY,C,4,1,0,1,1,0,4,0,0,0,0,0,5,1
Jake Leschyshyn,VGK,C,18,1,3,4,0,6,18,0,0,0,0,0,17,15
Garrett Pilon,WAS,C,2,1,0,1,1,0,1,0,0,0,0,0,2,0
Adam Brooks,VGK,C,9,1,1,2,1,2,3,1,0,0,0,0,7,2
Lucas Carlsson,FLA,D,13,1,5,6,1,2,18,0,0,0,0,0,16,9
Noah Gregor,SJ,C,14,1,2,3,0,8,39,0,0,0,0,0,28,12
Dylan Gambrell,OTT,C,17,1,2,3,-3,6,15,0,0,0,1,0,32,14
Josh Mahura,ANH,D,12,1,1,2,-4,2,10,0,0,0,0,0,23,17
Beck Malenstyn,WAS,C,12,1,0,1,2,9,10,0,0,0,0,0,34,7
Michael Pezzetta,MON,C,18,1,1,2,-5,24,19,0,0,0,0,0,44,2
Zack MacEwen,PHI,C,27,1,1,2,-8,27,31,1,0,0,0,0,57,11
Dante Fabbro,NSH,D,30,1,6,7,6,14,37,0,0,0,0,0,20,37
Boris Katchouk,TB,LW,21,1,4,5,5,14,18,0,0,0,0,0,53,7
Andrew Peeke,CLS,D,28,1,6,7,-3,19,20,0,0,0,0,0,57,56
Matt Kiersted,FLA,D,5,1,1,2,-4,0,6,0,0,0,0,0,6,5
Jackson Cates,PHI,C,2,1,0,1,0,0,3,0,0,0,0,0,0,0
Hendrix Lapierre,WAS,C,6,1,0,1,2,2,7,0,0,0,0,0,1,2
Jake Neighbours,STL,LW,9,1,1,2,-2,2,8,1,0,0,0,0,10,1
Cole Caufield,MON,RW,23,1,5,6,-12,4,55,0,0,2,0,0,4,1
Yegor Chinakhov,CLS,RW,19,1,3,4,-8,8,33,0,0,0,0,0,3,5
Reese Johnson,CHI,RW,18,1,3,4,-3,7,11,0,0,0,0,0,64,6
Simon Benoit,ANH,D,18,1,1,2,0,9,10,0,0,0,0,0,64,14